<?xml version="1.0" encoding="UTF-8" standalone="yes"?>
<PriInfo>
	<ResourceMap name="2099RajApps.WordMagic" version="1.0" primary="true">
		<Qualifiers>
			<AlternateForm>UNPLATED</AlternateForm>
			<Scale>200</Scale>
			<TargetSize>256,16,24,32,48</TargetSize>
		</Qualifiers>
		<ResourceMapSubtree name="Files">
			<ResourceMapSubtree name="Images">
				<NamedResource name="LargeTile.png" uri="ms-resource://2099RajApps.WordMagic/Files/Images/LargeTile.png">
					<Candidate qualifiers="Scale-200" isDefault="true" type="Path">
						<Value>Images\LargeTile.scale-200.png</Value>
					</Candidate>
				</NamedResource>
				<NamedResource name="LockScreenLogo.png" uri="ms-resource://2099RajApps.WordMagic/Files/Images/LockScreenLogo.png">
					<Candidate qualifiers="Scale-200" isDefault="true" type="Path">
						<Value>Images\LockScreenLogo.scale-200.png</Value>
					</Candidate>
				</NamedResource>
				<NamedResource name="SmallTile.png" uri="ms-resource://2099RajApps.WordMagic/Files/Images/SmallTile.png">
					<Candidate qualifiers="Scale-200" isDefault="true" type="Path">
						<Value>Images\SmallTile.scale-200.png</Value>
					</Candidate>
				</NamedResource>
				<NamedResource name="SplashScreen.png" uri="ms-resource://2099RajApps.WordMagic/Files/Images/SplashScreen.png">
					<Candidate qualifiers="Scale-200" isDefault="true" type="Path">
						<Value>Images\SplashScreen.scale-200.png</Value>
					</Candidate>
				</NamedResource>
				<NamedResource name="Square150x150Logo.png" uri="ms-resource://2099RajApps.WordMagic/Files/Images/Square150x150Logo.png">
					<Candidate qualifiers="Scale-200" isDefault="true" type="Path">
						<Value>Images\Square150x150Logo.scale-200.png</Value>
					</Candidate>
				</NamedResource>
				<NamedResource name="Square44x44Logo.png" uri="ms-resource://2099RajApps.WordMagic/Files/Images/Square44x44Logo.png">
					<Candidate qualifiers="TargetSize-48, AlternateForm-UNPLATED" type="Path">
						<Value>Images\Square44x44Logo.altform-unplated_targetsize-48.png</Value>
					</Candidate>
					<Candidate qualifiers="TargetSize-48" isDefault="true" type="Path">
						<Value>Images\Square44x44Logo.targetsize-48.png</Value>
					</Candidate>
					<Candidate qualifiers="TargetSize-32, AlternateForm-UNPLATED" type="Path">
						<Value>Images\Square44x44Logo.altform-unplated_targetsize-32.png</Value>
					</Candidate>
					<Candidate qualifiers="TargetSize-32" isDefault="true" type="Path">
						<Value>Images\Square44x44Logo.targetsize-32.png</Value>
					</Candidate>
					<Candidate qualifiers="TargetSize-256, AlternateForm-UNPLATED" type="Path">
						<Value>Images\Square44x44Logo.altform-unplated_targetsize-256.png</Value>
					</Candidate>
					<Candidate qualifiers="TargetSize-256" isDefault="true" type="Path">
						<Value>Images\Square44x44Logo.targetsize-256.png</Value>
					</Candidate>
					<Candidate qualifiers="TargetSize-24, AlternateForm-UNPLATED" type="Path">
						<Value>Images\Square44x44Logo.targetsize-24_altform-unplated.png</Value>
					</Candidate>
					<Candidate qualifiers="TargetSize-24" isDefault="true" type="Path">
						<Value>Images\Square44x44Logo.targetsize-24.png</Value>
					</Candidate>
					<Candidate qualifiers="TargetSize-16, AlternateForm-UNPLATED" type="Path">
						<Value>Images\Square44x44Logo.altform-unplated_targetsize-16.png</Value>
					</Candidate>
					<Candidate qualifiers="TargetSize-16" isDefault="true" type="Path">
						<Value>Images\Square44x44Logo.targetsize-16.png</Value>
					</Candidate>
					<Candidate qualifiers="Scale-200" isDefault="true" type="Path">
						<Value>Images\Square44x44Logo.scale-200.png</Value>
					</Candidate>
				</NamedResource>
				<NamedResource name="StoreLogo.png" uri="ms-resource://2099RajApps.WordMagic/Files/Images/StoreLogo.png">
					<Candidate qualifiers="Scale-200" isDefault="true" type="Path">
						<Value>Images\StoreLogo.scale-200.png</Value>
					</Candidate>
				</NamedResource>
				<NamedResource name="Wide310x150Logo.png" uri="ms-resource://2099RajApps.WordMagic/Files/Images/Wide310x150Logo.png">
					<Candidate qualifiers="Scale-200" isDefault="true" type="Path">
						<Value>Images\Wide310x150Logo.scale-200.png</Value>
					</Candidate>
				</NamedResource>
			</ResourceMapSubtree>
			<ResourceMapSubtree name="WinMetadata">
				<NamedResource name="Windows.winmd" uri="ms-resource://2099RajApps.WordMagic/Files/WinMetadata/Windows.winmd">
					<Candidate type="Path">
						<Value>WinMetadata\Windows.winmd</Value>
					</Candidate>
				</NamedResource>
			</ResourceMapSubtree>
		</ResourceMapSubtree>
	</ResourceMap>
</PriInfo>